<beans xmlns="http://www.springframework.org/schema/beans"
	xmlns:xsi="http://www.w3.org/2001/XMLSchema-instance"
	xsi:schemaLocation="http://www.springframework.org/schema/beans
http://www.springframework.org/schema/beans/spring-beans-3.0.xsd">


<bean id="activeMqMessaging" class="com.dbs.spring.domain.impl.ActiveMQMessaging"/>
	
	<bean id="resEncryption" class="com.dbs.spring.domain.impl.RASEncryption"/>
	
	<bean id="communication" class="com.dbs.spring.Communication">
		<constructor-arg type="com.dbs.spring.domain.Encryption">
			<ref bean="resEncryption"/>
		</constructor-arg>
		<property name="messaging">
			<ref bean="activeMqMessaging"/>
		</property>
	</bean>
</beans>